{"__type__":"cc.AnimationClip","_name":"gravity_reverse","_duration":0.6666666666666666,"speed":0.6,"wrapMode":"22","curveData":{"props":{"scaleY":[{"frame":0,"value":0.61},{"frame":0.08333333333333333,"value":0.61,"curve":"quartIn"},{"frame":0.5833333333333334,"value":-0.61},{"frame":0.6666666666666666,"value":-0.61}]}}}